SMAS_ID,COMID,YEAR,LAT,LONG,NOTES,MILES,BASIN,RECENT_SAMPLE_DATE,PREVIOUS_SAMPLE_DATE_1,PREVIOUS_SAMPLE_DATE_2,PREVIOUS_SAMPLE_DATE_3,PREVIOUS_SAMPLE_DATE_4,PREVIOUS_SAMPLE_DATE_5,PREVIOUS_SAMPLE_DATE_6,PREVIOUS_SAMPLE_DATE_7,
05-BAKE-0.3,8110563,2022,42.264939,-77.547768,,0,,8/31/2022,,,,,,,,
05-BWIN-9.5,8117937,2022,42.127712,-76.704839,,0,,9/1/2022,,,,,,,,
05-CAMP- 1.5,8118893,2022,42.358295,-77.390199,Probabilistic/department interest,0,,8/31/2022,,,,,,,,
05-COHO_T1-0.1,8117117,2022,42.563225,-77.510048,,0,,8/31/2022,,,,,,,,
05-COHO-28.6,8118867,2022,42.411703,-77.426762,,0,,8/31/2022,,,,,,,,
05-COHO-4.0,8119059,2022,42.18395,-77.15182,Probabilistic/department interest,0,,8/30/2022,,,,,,,,
05-CRAN-0.1,8110619,2022,42.187154,-77.317665,,0,,8/31/2022,,,,,,,,
05-CRSB-0.2,8110539,2022,42.313588,-77.657531,,0,,8/31/2022,,,,,,,,
05-DIVN_T1-0.4,8117925,2022,42.122616,-76.811108,,0,,9/1/2022,,,,,,,,
05-DRYW-1.4,8118259,2022,42.022302,-76.588967,,0,,9/1/2022,,,,,,,,
05-FIVM-1.2,8118807,2022,42.447262,-77.304766,,0,,8/31/2022,,,,,,,,
05-MDCR-10.0,8118901,2022,42.355513,-77.136042,,0,,8/31/2022,,,,,,,,
05-MEAD-10.8,8118979,2022,42.290289,-77.066961,,0,,8/30/2022,,,,,,,,
05-POSC_T5-0.9,8117697,2022,42.226545,-76.972573,Probabilistic/department interest,0.38,,8/30/2022,,,,,,,,
05-STEO-24.7,8110593,2022,42.24891,-77.45244,,0,,8/31/2022,,,,,,,,
05-STEP-2.7,8110553,2022,42.300705,-77.543593,Probabilistic/department interest,0,,8/31/2022,,,,,,,,
05-TIOG-11.7,8110985,2022,42.019592,-77.128563,,0,,9/1/2022,,,,,,,,
05-TOBE-1.0,8118853,2022,42.407695,-77.05759,Probabilistic/department interest,0,,8/31/2022,,,,,,,,
05-TUSC-9.3,8110719,2022,42.080158,-77.364734,,0,,9/1/2022,,,,,,,,
08-ALDR-2.0,15517510,2022,43.42306,-75.23027,,0,,9/15/2022,,,,,,,,
08-BENE-0.6,15510630,2022,43.681935,-74.703491,,0,,9/14/2022,8/1/2004,,,,,,,
08-BLAC-2.5,15512774,2022,43.87534,-75.37319,,0,,9/13/2022,,,,,,,,
08-BLCK_T58-2.0,15513750,2022,43.615545,-75.387488,,0,,9/13/2022,,,,,,,,
08-BLCK_T8-9.0,15512448,2022,43.982339,-75.802215,,0,,9/13/2022,8/1/2004,,,,,,,
08-COBB-2.2,15512912,2022,43.82389,-75.65334,,0,,9/13/2022,8/1/2004,8/27/2002,,,,,,
08-CUMM-0.1,15514114,2022,43.506198,-75.221461,,0,,9/15/2022,8/1/2004,,,,,,,
08-DEER-2.0,15512584,2022,43.93028,-75.59111,,0,,9/13/2022,8/1/2004,9/26/2007,,,,,,
08-DEER-27.6,15513460,2022,43.723389,-75.70138,,0,,9/13/2022,8/1/2004,,,,,,,
08-LIME-6.3,15510564,2022,43.708504,-74.818199,,0,,9/14/2022,8/1/2004,,,,,,,
08-LWDH-2.7,15517520,2022,43.45528,-75.15278,,0,,9/15/2022,8/1/2004,8/28/2002,,,,,,
08-MBLC-0.1,15510892,2022,43.553273,-74.907832,,0,,9/15/2022,,,,,,,,
08-MLLL_T7-0.8,15513088,2022,43.7903,-75.546073,,0,,9/14/2022,8/1/2004,,,,,,,
08-MURM_T2-0.1,15512608,2022,43.910741,-75.366559,,0,,9/13/2022,8/1/2004,,,,,,,
08-NMOO-0.7,15510434,2022,43.80832,-74.851371,,0,,9/14/2022,8/1/2004,,,,,,,
08-NSUG_T8-0.1,15513716,2022,43.609708,-75.481573,,0,,9/15/2022,,,,,,,,
08-ROAR-2.2,15513298,2022,43.74124,-75.42461,Also picked for probabilistic,0,,9/14/2022,,,,,,,,
08-SUGR-3.3,15513984,2022,43.53194,-75.35056,,0,,,8/1/2004,8/28/2002,,,,,,
08-SUMN_T1-0.1,15510606,2022,43.682873,-74.665813,,0,,9/14/2022,,,,,,,,
08-SWIS-2.6,15514254,2022,43.937194,-75.50738,,0,,9/13/2022,8/1/2004,,,,,,,
08-TANE-0.7,15513494,2022,43.67705,-75.34291,,0,,9/14/2022,8/1/2004,,,,,,,
08-TWIN-1.0,15516808,2022,43.4507,-75.014745,,0,,9/15/2022,8/1/2004,,,,,,,
13-BASC-4.7,6189556,2022,42.412612,-74.035523,,0,,7/20/2022,,,,,,,,
13-CLDS-4.3,6211544,2022,41.931313,-73.725833,,0,,7/19/2022,,,,,,,,
13-CLOV_T2-0.2,6215708,2022,41.493534,-73.912504,,0,,7/20/2022,,,,,,,,
13-COXS-0.5,6193926,2022,42.3905,-73.80139,,0,,7/20/2022,,,,,,,,
13-JACK-5.8,6211982,2022,41.662908,-73.736386,,0,,7/20/2022,,,,,,,,
13-JDBA-3.5,6188374,2022,42.366627,-73.990344,,0,,7/21/2022,,,,,,,,
13-KAAT-8.4,6188680,2022,42.180528,-73.940247,,0,,7/21/2022,,,,,,,,
13-MONH-4.9,6201874,2022,41.438813,-74.418355,,0,,7/20/2022,,,,,,,,
13-MUSC-8.4,6227362,2022,41.33306,-73.76472,,0,,7/20/2022,,,,,,,,
13-ROND_T18-0.2,6199854,2022,41.797055,-74.211691,,0,,7/20/2022,,,,,,,,
13-TIOR-0.2,6230332,2022,41.24349,-74.02654,,0,,7/20/2022,,,,,,,,
13-VERK-2.9,6200034,2022,41.647772,-74.323771,,0,,7/21/2022,,,,,,,,
13-WAPP_E-3.2,6211790,2022,41.783307,-73.743288,,0,,7/21/2022,,,,,,,,
13-WOOD_T6B-0.8,6217514,2022,41.368652,-74.122159,,0,,7/20/2022,,,,,,,,
13-WYNT-12.0,6185884,2022,42.623612,-73.571242,,0,,7/20/2022,,,,,,,,
02-ALGY-28.6,8969978,2021,42.085537,-78.639667,,0,,9/15/2021,,,,,,,,
02-CASS-2.3,15444961,2021,42.090423,-79.145993,,0,,9/16/2021,,,,,,,,
02-CSPG-4.3,8969146,2021,42.141322,-78.899965,,0,,9/15/2021,,,,,,,,
02-FREN-8.9,9049187,2021,42.069869,-79.705022,,0,,9/15/2021,,,,,,,,
02-GRIF-1.4,8968896,2021,42.20654,-78.277248,,0,,9/14/2021,,,,,,,,
02-GVAL-7.3,8968962,2021,42.200219,-78.655695,,0,,9/15/2021,,,,,,,,
02-JHNS-1.0,8968570,2021,42.376836,-78.447366,,0,,9/14/2021,,,,,,,,
02-QRUN-0.3,8969544,2021,42.019177,-78.84248,,0,,9/15/2021,,,,,,,,
02-SLAB_Ta-2.1,15444707,2021,42.418377,-79.028508,,0,,9/16/2021,,,,,,,,
02-STRW-5.0,8970380,2021,42.003423,-79.570392,,0,,9/15/2021,,,,,,,,
02-TWTY-4.0,15444849,2021,42.233662,-79.180653,,0,,9/16/2021,,,,,,,,
02-WANG_W-8.4,15444705,2021,42.426207,-79.169149,,0,,9/16/2021,,,,,,,,
02-WANG-3.1,15445033,2021,42.014242,-79.151291,,0,,9/15/2021,,,,,,,,
07-BUTW-1.3,21983105,2021,42.447166,-76.923261,,0,,7/15/2021,,,,,,,,
07-BVRK-5.8,21982173,2021,42.922841,-77.339701,,0,,9/8/2021,,,,,,,,
07-CRAN-6.4,21977071,2021,42.975315,-76.650968,,0,,7/28/2021,,,,,,,,
07-DUBL-3.3,21977059,2021,42.961095,-76.911714,,0,,7/28/2021,,,,,,,,
07-ENFD-3.5,21983355,2021,42.408856,-76.604618,,0,,9/9/2021,,,,,,,,
07-FALL_T9-0.2,21983085,2021,42.473181,-76.404382,,0,,7/15/2021,,,,,,,,
07-FIEL-1.8,21976155,2021,43.014515,-77.140109,,0,,7/28/2021,,,,,,,,
07-FURC_Tc-0.5,22023176,2021,43.350229,-75.659479,,0,,7/27/2021,,,,,,,,
07-KDIG_Tb-0.7,21977699,2021,42.822612,-76.90064,,0,,7/14/2021,,,,,,,,
07-LIME-13,22026522,2021,42.922085,-75.907909,,0,,9/1/2021,,,,,,,,
07-SCON-6.3,22024116,2021,43.083089,-75.543934,,0,,7/20/2021,,,,,,,,
11-BATT-18.0,22288297,2021,43.133683,-73.353832,,0,,8/5/2021,,,,,,,,
11-DOIG-4.5,22296000,2021,43.355561,-74.23794,,0,,7/29/2021,,,,,,,,
11-HOOS-22.7,22290307,2021,42.932936,-73.370978,,0,,8/4/2021,,,,,,,,
11-HOOS-3.1,22290491,2021,42.904942,-73.641283,,0,,8/3/2021,,,,,,,,
11-JESS-2.0,22306039,2021,43.588208,-74.395554,,0,,8/3/2021,,,,,,,,
11-SNOK-11.5,22287983,2021,43.182937,-73.721986,,0,,8/4/2021,,,,,,,,
11-SQWA-0.1,22305907,2021,43.742414,-74.341618,,0,,8/3/2021,,,,,,,,
11-TOWR-0.4,22295702,2021,43.48016,-74.232923,,0,,8/5/2021,,,,,,,,
11-UHUD-267.8,22304859,2021,43.702565,-73.957596,,0,,8/3/2021,,,,,,,,
01-CAZE_E_T9-1.5,15575299,2020,42.73498573,-78.57163373,,0,,9/15/2020,,,,,,,,
01-CLAR-18.5,15582177,2020,42.49466373,-78.82008473,,0,,9/16/2020,,,,,,,,
01-CONN-2.5,15582313,2020,42.45,-78.73,,0,,9/16/2020,8/25/2010,,,,,,,
01-HAMP-3.6,15575641,2020,42.67,-78.82,,0,,9/15/2020,,,,,,,,
01-SILV_T8_1_1-1.0,9840076,2020,42.44930573,-79.04752373,,0,,9/16/2020,,,,,,,,
01-SMOK-2.9,15575189,2020,42.77919273,-78.71674573,,0,,9/16/2020,,,,,,,,
01-SWYR-2.1,15567453,2020,43.07216573,-78.85530373,,0,,9/17/2020,,,,,,,,
01-TEEN-24.2,15576103,2020,42.6,-78.72,,0,,9/16/2020,,,,,,,,
01-TONA_T35_1-2.0,15569255,2020,42.88733573,-78.21768073,,0,,9/17/2020,,,,,,,,
01-TONA-19.4,15567933,2020,43.1,-78.64,Probabalistic/Long Term Trend,0,,9/16/2015,8/22/2006,9/12/2005,7/3/2001,,,,,
01-TONA-27.6,15567387,2020,43.08064173,-78.57346273,,0,,9/17/2020,,,,,,,,
01-TONA-62.7,15567959,2020,43.002696,-78.251967,,0,,9/17/2020,,,,,,,,
01-TONA-83.3,15569747,2020,42.88,-78.26,,0,,9/17/2020,,,,,,,,
01-YUGA-26.0,15574997,2020,42.82723773,-78.45003373,,0,,9/15/2020,,,,,,,,
03-BROK-4.7,15558265,2020,43.2610855,-77.8959198,,0,,8/20/2020,,,,,,,,
03-FICR-5.3,15560239,2020,43.2246208,-78.3236465,,0,,8/19/2020,,,,,,,,
03-GULS-10.4,21621759,2020,43.8202782,-75.80896,,0,,8/19/2020,,,,,,,,
03-JOHN-9.1,15559477,2020,43.3352814,-78.3590698,,0,,8/19/2020,,,,,,,,
03-LIND-6.8,21623435,2020,43.6811676,-76.0763779,,0,,8/18/2020,,,,,,,,
03-LSAM-11.2,21625643,2020,43.4273491,-76.1872177,,0,,8/18/2020,,,,,,,,
03-MUDC-0.6,21623465,2020,43.6680717,-76.1557693,,0,,8/18/2020,,,,,,,,
03-NRUP-13.0,15558669,2020,43.1687622,-77.8050308,,0,,8/20/2020,,,,,,,,
03-ORCH_T28-2.1,15561157,2020,43.0980721,-78.2499924,,0,,8/19/2020,,,,,,,,
03-RAYS-5.0,21622603,2020,43.7490692,-75.9646988,,0,,8/18/2020,,,,,,,,
03-REDR-15.1,21631963,2020,43.1843834,-76.7082672,,0,,8/17/2020,,,,,,,,
03-SAGE-4.2,21625527,2020,43.48312,-76.2247314,,0,,8/18/2020,,,,,,,,
03-SSAN-14.1,21623213,2020,43.7763901,-76.0180588,,0,,8/19/2020,,,,,,,,
03-STRL-12.5,21631787,2020,43.2585907,-76.6313934,,0,,8/17/2020,,,,,,,,
03-WWHIO-1.5,21633543,2020,43.0599403,-77.3858719,,0,,8/18/2020,,,,,,,,
12-FOX-1.1,3246098,2020,42.67889,-74.30473,,0,,7/16/2020,,,,,,,,
04-BIDW_T4-0.6,15539363,2019,42.858199,-77.92604,,0,,7/24/2019,,,,,,,,
04-BLAK_N_T1-1.1,15537211,2019,43.149342,-77.981212,,0,,7/23/2019,,,,,,,,
04-BLAK_T6-0.9,15537809,2019,43.085291,-77.799411,,0,,7/23/2019,,,,,,,,
04-BLAK-34.9,15538551,2019,43.0341,-78.0754,,0,,7/23/2019,,,,,,,,
04-CNEA-10.1,15550809,2019,42.358923,-78.301007,,0,,7/24/2019,,,,,,,,
04-EKOY-10.4,15549637,2019,42.63941,-78.13737,,0,,7/24/2019,,,,,,,,
04-HONY_T36-0.9,15540157,2019,42.830186,-77.519034,,0,,7/23/2019,,,,,,,,
04-HONY_T9-0.3,15538959,2019,42.996457,-77.644052,,0,,7/23/2019,,,,,,,,
04-JCOX_S-3.7,15539641,2019,42.794639,-77.770032,,0,,7/23/2019,,,,,,,,
04-MCMI_S-5,15539893,2019,42.694427,-77.64282,,0,,7/23/2019,,,,,,,,
04-MILH_T13-0.1,15539791,2019,42.771332,-77.451601,,0,,7/23/2019,,,,,,,,
04-MUCK-4.3,15539103,2019,42.961785,-77.966507,,0,,7/24/2019,,,,,,,,
04-NUND_T4-1.4,15550177,2019,42.061322,-77.879008,,0,,7/25/2019,,,,,,,,
04-UGNS_T30-1.2,15539059,2019,42.949618,-77.71784,,0,,7/23/2019,,,,,,,,
04-UGNS-97.8,15551291,2019,42.479779,-78.065036,,0,,7/24/2019,,,,,,,,
04-WOATK-53.3,15541561,2019,42.681047,-78.110971,,0,,7/24/2019,,,,,,,,
09-CEDL-0.1,15478855,2019,44.372,-75.2154,,0,,9/11/2019,,,,,,,,
09-DEVE-1.8,15449508,2019,44.788997,-74.429834,Probabilistic/Unassessed PWL,0,,9/12/2019,,,,,,,,
09-GRAS-23.8,15476223,2019,44.830698,-75.097927,,0,,9/11/2019,,,,,,,,
09-GTCH-4.8,15489098,2019,44.645104,-75.495721,,0,,9/17/2019,,,,,,,,
09-GTCH-66.3,15491250,2019,44.312094,-75.443452,,0,,9/11/2019,,,,,,,,
09-GULF-1.3,25515866,2019,44.563619,-75.293116,,0,,9/11/2019,,,,,,,,
09-KING-0.5,15455050,2019,44.785909,-74.648521,Probabilistic/Unassessed PWL,0,,9/11/2019,,,,,,,,
09-MARA-4.5,15469361,2019,43.836755,-74.563743,Probabilistic/Unassessed PWL,0,,9/10/2019,,,,,,,,
09-PALC-2.5,15492244,2019,44.043935,-75.223674,,0,,9/10/2019,,,,,,,,
09-PLET-3.8,15476951,2019,44.329646,-74.893547,,0,,9/13/2019,,,,,,,,
09-RAQU-105.0,15467649,2019,44.236904,-74.400195,Probabilistic/Unassessed PWL,0,,9/10/2910,,,,,,,,
09-RAQU-3.2,15465075,2019,44.97861,-74.73306,,0,,9/11/2019,8/18/2010,9/16/2009,,,,,,
09-RAQU-80.9,15467549,2019,44.314314,-74.665562,,0,,9/10/2019,,,,,,,,
09-RAQU-89.9,15467639,2019,44.253575,-74.595852,,0,,9/10/2019,,,,,,,,
09-SAL9-12.1,15448828,2019,44.929694,-74.37063,,0,,9/12/2019,,,,,,,,
09-STLW-51.9,25293246,2019,44.69972,-75.50417,Multiplate/Probabilistic,0,,8/13/2019,,,,,,,,
09-TRSL-12.5,15455260,2019,44.733407,-74.704554,,0,,9/11/2019,,,,,,,,
14-BASK_N-1.7,2616720,2019,41.881163,-75.091213,Probabilistic/Unassessed PWL,0,,8/21/2019,,,,,,,,
14-BEEB-3.5,2613734,2019,42.119651,-75.108847,,0,,8/21/2019,,,,,,,,
14-BRIS-2.0,2615112,2019,41.765496,-74.882752,,0,,8/21/2019,,,,,,,,
14-COLD_T7-1.1,2613640,2019,42.157587,-75.391342,,0,,8/22/2019,,,,,,,,
14-DELA-1.2,4151524,2019,41.3722229,-74.69721985,,0,,8/20/2019,,,,,,,,
14-DELA-59.2,2617430,2019,41.82344,-75.11362,,0,,8/21/2019,,,,,,,,
14-DELA-65.9,2617358,2019,41.865244,-75.180279,,0,,8/21/2019,,,,,,,,
14-KIAM-0.1,4147570,2019,41.66945,-74.62583,,0,,8/20/2019,,,,,,,,
14-LEBA-0.6,4147774,2019,41.566455,-74.795962,,0,,8/20/2019,,,,,,,,
14-NEVR-0.5,4151522,2019,41.36083,-74.68584,"Picked, Moved to old SBU site NEVR-15- Historic site 0.34 miles from recent site",0.34,,8/20/2019,8/6/2014,8/13/2012,9/2/2009,9/7/2005,8/3/2004,,,
14-NEVR-26.2,4147634,2019,41.63445,-74.61916,,0,,8/20/2019,,,,,,,,
14-PINE-4.4,4147796,2019,41.548032,-74.571169,,0,,8/20/2019,,,,,,,,
14-PINS-1.7,2613628,2019,42.175525,-75.17101,,0,,8/22/2019,8/5/2014,,,,,,,
14-WILL-3.1,1750437,2019,41.92441,-74.87637,,0,,8/21/2019,8/26/2015,8/6/2014,,,,,,
06-BTNT_T6_1-1.0,8086431,2018,42.455927,-75.313426,,0,,8/9/2018,,,,,,,,
06-CHAS-0.7,8083769,2018,42.660369,-74.961192,,0,,8/7/2018,,,,,,,,
06-DILA_W_T6-1.8,8085729,2018,42.901514,-75.24999,,0,,8/7/2018,,,,,,,,
06-EDDY-3.6,9423097,2018,42.41791,-75.584178,,0,,8/9/2018,,,,,,,,
06-GREA_W-1.1,8085459,2018,42.588448,-75.406755,,0,,8/9/2018,,,,,,,,
06-HAIT-0.1,9421935,2018,42.673777,-76.075092,,0,,8/7/2018,,,,,,,,
06-HAWL-1.9,9420381,2018,42.655247,-75.6238,,0,,8/7/2018,,,,,,,,
06-MDUF-2.7,8102745,2018,42.253636,-76.583934,,0,,8/8/2018,,,,,,,,
06-MUDO-1.3,9420567,2018,42.594098,-75.875166,,0,,8/8/2018,,,,,,,,
06-NANG_T26-1.3,9423355,2018,42.335531,-75.77861,,0,,8/8/2018,,,,,,,,
06-NING_T4-1.2,9420301,2018,42.661137,-75.983401,,0,,8/7/2018,,,,,,,,
06-NVUS_T28-3.5,8083777,2018,42.653764,-74.692196,,0,,8/7/2018,,,,,,,,
06-NVUS-6.4,8084197,2018,42.524226,-74.898842,,0,,8/9/2018,,,,,,,,
06-OTGO_W-3.5,8085397,2018,42.62412,-75.080234,,0.44,,8/7/2018,,,,,,,,
06-PLES-4.7,9420219,2018,42.693653,-75.602641,,0,,8/7/2018,,,,,,,,
06-YALE-3.4,8086793,2018,42.33762,-75.479988,,0,,8/9/2018,,,,,,,,
10-ALDE_T15-0.6,9524279,2018,44.498208,-74.008785,,0,,7/18/2018,,,,,,,,
10-BOQT-10.8,9528305,2018,44.264529,-73.40121,,0,,7/17/2018,,,,,,,,
10-GRAV-2.2,9521329,2018,44.897525,-73.756883,,0,,7/17/2018,,,,,,,,
10-GULB-0.6,9528113,2018,44.25714,-73.782914,,0,,7/18/2018,,,,,,,,
10-HUDD-0.2,10312496,2018,43.537609,-73.668712,,0,,7/19/2018,,,,,,,,
10-MILC-3.6,10311366,2018,44.060296,-73.500379,,0,,7/19/2018,,,,,,,,
10-NICO-1.0,9528115,2018,44.269447,-73.835122,,0,,7/18/2018,,,,,,,,
10-PUTM-4.5,10312600,2018,43.94124,-73.473716,,0,,7/19/2018,,,,,,,,
10-ROCY-0.1,9528019,2018,44.371186,-73.716192,,0,,7/18/2018,7/23/2008,,,,,,,
10-SABL-7.6,9527425,2018,44.504102,-73.481615,,0,,7/17/2018,,,,,,,,
10-TRAE-4.5,9521339,2018,44.855734,-73.489449,,0,,7/17/2018,,,,,,,,
10-TWOB-3.6,9524631,2018,44.412933,-74.110415,,0,,7/18/2018,,,,,,,,
17-BRNX-17.3,6240361,2018,41.015682,-73.790146,,0,,9/11/2018,9/12/2014,,,,,,,
17-MAMR_T12-0.7,6240225,2018,41.040879,-73.740421,,0.27,,9/11/2018,,,,,,,,
17-MAMR-6.7,6240357,2018,41.0178,-73.7275,,0,,9/11/2018,9/10/2008,,,,,,,
17-OROW-2.0,9499628,2018,40.751098,-73.228009,,0,,9/12/2018,,,,,,,,
17-PECN-12.4,9496456,2018,40.881235,-72.810457,,0.15,,9/12/2018,,,,,,,,
17-SISO_T2-0.2,7732091,2018,41.201647,-73.529464,,0,,9/12/2018,,,,,,,,
17-SPIN-0.1,6241845,2018,40.938989,-73.839151,,0,,9/11/2018,,,,,,,,
17-SWML-1.4,9496098,2018,40.925024,-72.647379,,0,,9/12/2018,,,,,,,,
05-BENN_T14-2.8,8110675,2017,42.111839,-77.69363,,0,,8/9/2017,,,,,,,,
05-COHO-33.6,8118805,2017,42.46141,-77.47239,,0,,8/9/2017,6/8/1988,,,,,,,
05-COHO-50.9,8117095,2017,42.59906,-77.5289,,0,,8/9/2017,,,,,,,,
05-CUTH-0.6,8117897,2017,42.13489,-76.92788,Recent site 0.33 miles from epa draw,0.33,,8/8/2017,8/1/2007,,,,,,,
05-MCHE-1.5,8110527,2017,42.29771,-77.76152,,0,,8/9/2017,,,,,,,,
05-NEWT_T30-0.4,8117731,2017,42.201117,-76.663515,,0,,8/8/2017,,,,,,,,
05-SEEL-7.6,8118243,2017,42.0334,-76.8772,Recent site 0.35 miles from epa draw,0.35,,8/8/2017,8/13/1998,,,,,,,
05-STEO_T22-0.2,8110591,2017,42.199,-77.407,,0,,8/9/2017,9/10/2013,8/1/2012,,,,,,
08-BEEV_T16-1.5,15512594,2017,43.92107,-75.18084,,0,,9/13/2017,,,,,,,,
08-BENE-0.2,15510676,2017,43.67611,-74.70834,,0,,9/12/2017,7/24/2002,,,,,,,
08-BLCK_T132-2.0,15513054,2017,43.51919,-74.914078,,0,,9/13/2017,7/11/2012,,,,,,,
08-BLCK_T30-4.5,15514238,2017,43.964945,-75.489564,,0,,9/13/2017,,,,,,,,
08-BLCK-105.4,15517566,2017,43.410831,-75.096664,,0,,9/12/2017,8/20/2013,7/10/2012,,,,,,
08-FELT-0.3,15509276,2017,44.01917,-75.76138,,0,,9/12/2017,8/27/1996,,,,,,,
08-FSHC-0.8,15513540,2017,43.66833,-75.35333,,0,,9/12/2017,8/27/2002,,,,,,,
08-LBLK-5.0,15517598,2017,43.37583,-75.06805,,0,,9/12/2017,8/20/2008,9/25/2007,9/3/2003,8/28/2002,,,,
08-LOLO-3.4,15514080,2017,43.51777,-75.20433,,0,,9/12/2017,,,,,,,,
08-MURM-3.4,15512716,2017,43.884,-75.3472,,0,,9/13/2017,,,,,,,,
08-OLMS-0.3,15513940,2017,43.5462,-75.40149,,0,,9/13/2017,9/26/2007,,,,,,,
08-PHIL-0.3,15509066,2017,44.00394,-75.97822,,0,,9/13/2017,,,,,,,,
08-ROAR-2.2,15513298,2017,43.74124,-75.42461,,0,,9/14/2022,,,,,,,,
08-STNK-1.9,15512860,2017,43.91014,-75.58485,,0,,9/12/2017,9/26/2007,,,,,,,
08-SUND-0.2,15512784,2017,43.87022,-75.13825,,0,,9/12/2017,9/26/2007,,,,,,,
13-CNOP_T-0.1,6227244,2017,41.37135,-73.87416,,0,,7/26/2017,,,,,,,,
13-EIGT-0.6,6189532,2017,42.4355,-74.12272,Recent site 0.26 miles from epa draw,0.26,,7/26/2017,9/13/2007,,,,,,,
13-LATT-5.7,6213070,2017,41.65046,-74.00598,,0,,7/26/2017,,,,,,,,
13-NORM-21.4,6185790,2017,42.71369,-73.95532,,0,,7/11/2017,,,,,,,,
13-PERR-1.5,6217258,2017,41.40632,-74.15423,,0,,7/25/2017,,,,,,,,
13-QUAK-0.2,6226844,2017,41.49944,-73.53361,,0,,7/25/2017,7/6/2000,,,,,,,
13-ROND_T6-1.9,6199796,2017,41.87236,-74.01782,,0,,7/5/2017,,,,,,,,
13-ROND-32.2,6200244,2017,41.75083,-74.35056,,0,,7/27/2017,7/1/2002,,,,,,,
13-SKIL-6.3,6189664,2017,42.0246,-74.08023,,0,,7/27/2017,,,,,,,,
13-STNY-1.7,6189016,2017,42.05913,-73.90649,,0,,7/24/2017,,,,,,,,
13-TRAV-2.7,6189674,2017,42.011792,-74.303649,,0,,7/27/2017,,,,,,,,
13-WALK_T44-3.0,6201870,2017,41.42274,-74.32401,,0,,7/26/2017,,,,,,,,
13-WALK-15.0,6200432,2017,41.72124,-74.132787,,0,,7/5/2017,9/11/2012,,,,,,,
13-WNORM_T13-1.9,6186766,2017,42.78429,-74.01433,,0,,7/11/2017,,,,,,,,
15-HACK_E-1.5,6244304,2017,41.13114,-73.95028,,0,,7/25/2017,7/31/2012,9/12/2007,,,,,,
16-SWEL-0.1,7712572,2017,41.73461,-73.58066,,0,,7/25/2017,9/13/2007,,,,,,,
02-BHUT-0.2,8969354,2016,42.096733,-78.740358,,0.17,,8/31/2016,,,,,,,,
02-CLER_T8-2.2,15444833,2016,42.26077,-79.199808,Only macro and user percep 2016,0,,8/31/2016,,,,,,,,
02-ELMC-4.3,15444447,2016,42.207671,-78.945865,Only macro and user percep 2016,0,,8/30/2016,,,,,,,,
02-ISCH-20.4,8968542,2016,42.39772,-78.476772,Historic site 0.31 miles from recent site- Only macro and user percep 2016,0.31,,8/30/2016,,,,,,,,
02-STRW-7.3,8970378,2016,42.014612,-79.537887,Historic site 0.39 miles from recent site- Only macro and user percep 2016,0.39,,8/31/2016,,,,,,,,
07-CORY-0.3,21982217,2016,42.744599,-77.260883,Historic site 0.29 miles from recent site,0.29,,7/12/2016,9/7/1989,,,,,,,
07-COWA_T10-0.9,22024102,2016,43.091923,-75.675723,Historic site 0.11 miles from recent site,0.11,,7/14/2016,9/27/1994,,,,,,,
07-DRYO-0.8,21983067,2016,42.469094,-76.289535,Historic site 0.41 miles from recent site,0.41,,7/13/2016,7/17/1990,,,,,,,
07-FLNT-11.1,21981401,2016,42.858589,-77.10913,,0,,7/12/2016,9/7/1989,,,,,,,
07-FURB-1.1,21974653,2016,43.016599,-76.173767,Historic site 0.13 miles from recent site,0.13,,7/13/2016,7/17/1990,,,,,,,
07-JACB-1.9,21981783,2016,42.683204,-77.051365,,0.5,,8/2/2018,7/12/2016,6/6/1990,,,,,,
07-SKAN_T4-1.5,21977033,2016,42.993313,-76.47112,Historic site 0.45 miles from recent site ,0.45,,7/13/2016,6/16/1992,,,,,,,
07-SRAG-9.0,22024230,2016,43.05444,-75.84611,"Moved upstream to SRAG-00, old SBU site- Historic site 0.33 miles from recent site",0.33,,7/13/2016,7/16/1996,6/16/1992,,,,,,
11-CRWH-2.3,22289877,2016,42.975157,-73.345817,Historic site 0.14 miles from recent site,0.14,,8/5/2016,,,,,,,,
11-ESTN-3.4,22296192,2016,43.29508,-74.19261,"moved upstream to STNC-E, old SBU site- Historic site 0.36 miles from recent site",0.36,,8/4/2016,7/25/2012,7/11/2006,9/18/2001,,,,,
11-FISB-8.4,22306237,2016,43.977386,-74.27055,,0,,8/2/2016,,,,,,,,
11-HART-1.5,22288307,2016,43.10722,-73.50111,"moved upstream to HART-01, old SBU site- Historic site 0.37 miles from recent site- Only macro data 2016",0.37,,8/4/2016,7/12/2006,,,,,,,
11-PERP-0.8,22305429,2016,43.980992,-74.034242,,0,,8/2/2016,,,,,,,,
11-PLUK-0.1,22289959,2016,42.919896,-73.720046,,0,,8/4/2016,,,,,,,,
11-SACN-55.1,22295692,2016,43.48889,-74.27278,"moved upstream to SACN-A, old SBU site- Historic site 0.50 miles from recent site, possible confluence between sites",0.5,,8/3/2016,9/18/2001,,,,,,,
11-UHUD-64.0,22294818,2016,43.24861,-73.8325,,0,,9/13/2016,8/9/2016,7/5/2016,5/31/2016,,,,,
11-WACK-3.8,22305525,2016,43.91861,-74.02194,,0,,8/2/2016,,,,,,,,
01-BUFC_T59-0.8,15575877,2015,42.631802,-78.4393,,0,,8/6/2015,,,,,,,,
01-CATT-48.4,15581385,2015,42.53371,-78.47919,"While there was a sampling site sampled in 2015, the sampled site was .38 miles from the epa site which is >.1 miles",0.38,,8/6/2015,,,,,,,,
01-CAZE_E-7.1,15575329,2015,42.7272,-78.591,Little sample event info included,0,,8/6/2015,,,,,,,,
01-CAZE_T3-1.4,15576317,2015,42.810699,-78.74549,,0,,8/5/2015,,,,,,,,
01-CRKB-2.1,9840068,2015,42.46938,-79.3309,Only .14 river miles away from one another,0.14,,8/5/2015,,,,,,,,
01-DURK-2.7,15569301,2015,42.887001,-78.4646,There was also a record for a sampling on 10/2/2015,0,,8/4/2015,10/2/2015,,,,,,,
01-HUNE-5.9,15576347,2015,42.717098,-78.534103,Little sample event info included,0,,8/6/2015,,,,,,,,
01-LITI-0.9,15581857,2015,42.522499,-79.0063,Well within acceptable distance,0,,8/5/2015,,,,,,,,
01-RANS_T1-0.2,15567569,2015,43.046863,-78.730667,Historical site 0.30 miles from recent site ,0.3,,8/4/2015,,,,,,,,
01-SHED-3.6,15576341,2015,42.749199,-78.442101,,0,,8/6/2015,,,,,,,,
01-SILV-6.7,9839478,2015,42.503399,-79.103798,,0,,8/5/2015,,,,,,,,
01-TEEN-24.2,15576043,2015,42.6,-78.72,,0,,9/16/2020,,,,,,,,
01-TEES-0.1,15575519,2015,42.6987,-78.901398,,0,,8/5/2015,,,,,,,,
01-TONA_T39-0.4,15569363,2015,42.871201,-78.26519,,0,,8/6/2015,,,,,,,,
01-TONA-103.5,15569657,2015,42.6898,-78.363602,,0,,8/6/2015,,,,,,,,
01-TWEN-4.0,9840280,2015,42.2295,-79.758102,,0,,8/5/2015,,,,,,,,
03-GRUN_T1-2.7,21621819,2015,43.78524,-75.83708,,0,,7/21/2015,,,,,,,,
03-LGRN_T2-0.1,21623825,2015,43.501267,-76.08213,Macro only 2015,0,,7/23/2015,,,,,,,,
03-REDR_T10-1.1,21632213,2015,43.247429,-76.74335,,0,,7/23/2015,,,,,,,,
03-SALM_E-1.8,21624805,2015,43.495697,-75.62419,Macro only 2015,0,,7/22/2015,,,,,,,,
03-SAND-29.3,21621657,2015,43.891673,-75.810853,,0,,7/21/2015,,,,,,,,
03-SAND-8.4,21624003,2015,43.791698,-76.1075,,0,,7/21/2015,,,,,,,,
03-SKIN_T4-1.1,21623425,2015,43.695777,-76.05288,,0,,7/22/2015,,,,,,,,
03-SSAN_T10-0.7,21621813,2015,43.790045,-75.97397,,0,,7/21/2015,,,,,,,,
03-TROB-8.1,21622117,2015,43.623889,-75.99722,,0,,7/22/2015,,,,,,,,
09-LSAL_T1-1.0,15450154,2015,44.961192,-74.495155,Historic site 0.11 miles from recent site,0.11,,9/21/2015,7/22/2014,,,,,,,
12-CANE-18.1,22741085,2015,43.18,-74.69639,The epa site is .06 miles from the sampled site,0,,10/2/2015,,,,,,,,
12-CANW-46.3,22741243,2015,43.3745,-74.906799,,0,,10/7/2015,,,,,,,,
12-CANW-5.3,22741573,2015,43.08304,-74.9849,The epa site is .18 miles from the sampled site,0.18,,10/2/2015,,,,,,,,
12-CARO-7.9,22740859,2015,43.001801,-74.54849,,0,,8/18/2015,,,,,,,,
12-CLDB-0.1,22742725,2015,43.22472,-75.06333,,0,,10/7/2015,,,,,,,,
12-FLAT-6.6,22745505,2015,42.836399,-74.494499,,0,,9/2/2015,,,,,,,,
12-GILT-1.7,22740563,2015,43.0813,-74.7938,The epa site is .11 miles from the sampled site,0.11,,10/2/2015,,,,,,,,
12-LRUE-0.1,22744141,2015,42.906101,-73.9196,,0,,8/20/2015,,,,,,,,
12-MOHK_T103-0.5,22745349,2015,42.889198,-74.5243,,0,,9/2/2015,,,,,,,,
12-PECC-0.7,22740535,2015,43.07889,-74.47945,,0,,8/18/2015,,,,,,,,
12-PLTR-3.9,3247442,2015,42.429901,-74.397003,,0,,9/9/2015,,,,,,,,
04-BRON-4.7,15539305,2014,42.875885,-77.910178,,0,,7/2/2014,,,,,,,,
04-KNNE-2.3,15539615,2014,42.818938,-77.628535,Historic site 0.25 miles from recent site,0.25,,7/2/2014,,,,,,,,
04-MILD-2.5,15547909,2014,42.537462,-77.671647,,0,,7/3/2014,,,,,,,,
04-OATK_T6-0.4,15537603,2014,43.014245,-77.97419,,0,,7/1/2014,,,,,,,,
04-OATK-52.5,15541551,2014,42.687667,-78.122518,,0,,7/2/2014,,,,,,,,
04-RAGA_T16-1.8,15547435,2014,42.66729,-77.73054,,0,,7/2/2014,,,,,,,,
04-RECK-15.6,15537431,2014,43.082987,-77.637903,,0,,7/1/2014,,,,,,,,
04-SPRG-5.2,15539193,2014,42.9081,-77.600903,,0,,7/1/2014,,,,,,,,
09-BULC-0.4,15478795,2014,44.381778,-75.189401,,0,,7/22/2014,,,,,,,,
09-DERR_T10-0.1,15455374,2014,44.715318,-74.546168,,0,,7/22/2014,,,,,,,,
09-GTCH_M-12.3,15492182,2014,44.068172,-75.227515,,0.33,,7/21/2014,,,,,,,,
09-GTCH_T55-0.6,15491434,2014,44.283818,-75.602987,,0,,7/21/2014,,,,,,,,
09-PLUS-1.9,15448792,2014,44.934036,-74.401104,,0,,7/22/2014,,,,,,,,
09-SAL9-22.6,15449342,2014,44.836924,-74.270992,Historic site 0.16 miles from recent site,0.16,,7/22/2014,,,,,,,,
14-BEAV-22.2,1750379,2014,41.978533,-74.846998,,0,,8/7/2014,,,,,,,,
14-BIRC-0.8,2615124,2014,41.731732,-74.923095,,0.25,,8/6/2014,,,,,,,,
14-CALL_N-4.0,2615092,2014,41.803707,-74.99499,,0.18,,8/6/2014,,,,,,,,
14-DELA-75.3,2617298,2014,41.925498,-75.27505,,0.11,,8/7/2014,,,,,,,,
14-EDEL-59.1,1748541,2014,42.206087,-74.60209,,0,,8/5/2014,,,,,,,,
14-FLYC_T2-0.6,2613856,2014,42.044645,-75.52465,,0,,8/7/2014,,,,,,,,
14-MONG_E-5.1,4147964,2014,41.742988,-74.69375,,0,,8/6/2014,,,,,,,,
14-NEVR-0.5,4151522,2014,41.36083,-74.68584,"Picked, Moved to old SBU site NEVR-15- Historic site 0.34 miles from recent site",0.34,,8/20/2019,8/6/2014,8/13/2012,9/2/2009,9/7/2005,8/3/2004,,,
4-CRYD-2.3,15550239,2014,42.007739,-77.841723,,0,,7/3/2014,9/7/2010,7/28/2009,,,,,,
4-WIGW-0.7,15550853,2014,42.334685,-78.097979,,0,,7/2/2014,7/28/2009,,,,,,,
9-LITL-3.5,15475943,2014,44.586095,-75.130814,,0,,7/21/2014,,,,,,,,
9-REGI-7.8,15456852,2014,44.924407,-74.72229,,0,,8/11/2020,7/8/2020,7/2/2019,7/24/2018,7/12/2017,8/10/2016,7/9/2014,8/18/2010,9/16/2009
9-SCKE-8.3,15502887,2014,44.7958,-75.266729,,0,,7/22/2014,,,,,,,,
9-WSCK-3.4,15484675,2014,44.06185,-75.82675,,0,,9/23/2015,7/21/2014,,,,,,,
06-BIBS-6.6,9424397,2013,42.441709,-76.105604,,0,,7/24/2013,,,,,,,,
06-BTNT_T14-0.5,8085583,2013,42.534741,-75.259709,,0,,7/23/2013,,,,,,,,
06-CATA_T7-1.6,8101909,2013,42.153691,-76.331597,,0,,7/24/2013,,,,,,,,
06-CAYU_T41-0.6,8102743,2013,42.241247,-76.626777,Historic site 0.22 miles from recent site,0.22,,7/24/2013,,,,,,,,
06-CSTL-4.7,9423545,2013,42.213305,-75.907283,Historic site 0.11 miles from recent site,0.11,,7/24/2013,,,,,,,,
06-FROS-1.2,8102139,2013,42.109137,-76.404489,,0,,7/24/2013,,,,,,,,
06-NANG-21.6,9423845,2013,42.325,-75.77167,,0,,7/23/2013,,,,,,,,
06-NANG-49.3,9420681,2013,42.56556,-75.52278,Historic site 0.20 miles from recent site,0.2,,7/23/2013,,,,,,,,
06-OCON-0.1,8083677,2013,42.692243,-74.845116,,0,,7/23/2013,,,,,,,,
06-OSBO_T16-0.3,9423551,2013,42.20017,-75.733479,,0,,7/23/2013,,,,,,,,
06-OTSL-46.0,9419977,2013,42.79021,-75.71546,,0,,7/24/2013,,,,,,,,
06-USSQ_T118-1.0,8087345,2013,42.123497,-75.582229,,0,,7/23/2013,,,,,,,,
06-WHEB-3.1,9423361,2013,42.322212,-75.703554,Historic site 0.38 miles from recent site,0.38,,7/23/2013,,,,,,,,
10-CORB-6.0,9521333,2013,44.916747,-73.468484,,0.11,,8/15/2013,,,,,,,,
10-FICK_T1-1.0,9524647,2013,44.346409,-74.184678,,0,,8/15/2013,,,,,,,,
10-FLOS-0.1,9524415,2013,44.325146,-74.380837,Historic site 0.42 miles from recent site,0.46,,8/15/2013,,,,,,,,
10-GCHZ-27.4,9521097,2013,44.912986,-73.64032,,0,,8/22/2013,8/15/2013,,,,,,,
10-HLET-1.3,10312680,2013,43.630542,-73.492534,,0,,8/13/2013,,,,,,,,
10-MCKN-6.4,10311368,2013,44.032068,-73.541829,,0,,8/14/2013,,,,,,,,
10-METT-17.7,10313430,2013,43.41914,-73.276196,,0,,8/13/2013,,,,,,,,
10-NSAR_T31-2.0,9522527,2013,44.532379,-74.158709,Only macro data 2013,0,,8/6/2013,,,,,,,,
10-PUTM-13.2,10312612,2013,43.875302,-73.538696,Historic site 0.13 miles from recent site,0.13,,7/19/2018,8/14/2013,8/19/2009,,,,,,
10-RAYB_T4-0.2,9524463,2013,44.295274,-74.061207,,0,,8/14/2013,,,,,,,,
10-RORE-2.3,9528359,2013,44.174475,-73.650149,,0,,8/14/2013,,,,,,,,
10-SARA-23.6,9521225,2013,44.631548,-73.758807,Historic site 0.49 miles from recent site,0.49,,8/14/2013,,,,,,,,
10-SPRU-14.6,9528315,2013,44.277789,-73.672259,,0,,8/14/2013,,,,,,,,
10-SPRU-6.8,9528309,2013,44.267562,-73.551558,,0,,8/14/2013,,,,,,,,
10-THAF-2.6,10313448,2013,43.405587,-73.57759,,0,,8/13/2013,,,,,,,,
17-BEVD-2.1,9496274,2013,40.827746,-72.658564,,0.14,,9/17/2013,,,,,,,,
17-BRNX-12.3,6241835,2013,40.96083,-73.82083,Historic site 0.11 miles from recent site,0.11,,9/11/2018,9/12/2014,9/19/2013,6/4/2003,9/23/1998,,,,
17-BRNX-9.2,6241853,2013,40.915,-73.849,,0.17,,9/12/2014,9/19/2013,9/9/2013,9/10/2008,,,,,
17-MANH-1.2,6240223,2013,41.042895,-73.7975,,0,,9/18/2013,,,,,,,,
17-MILR-3.5,9499704,2013,40.679124,-73.662524,,0.34,,9/10/2014,9/18/2013,,,,,,,
17-MILR-5.3,9499704,2013,40.704312,-73.658096,,0,,9/11/2018,9/18/2013,,,,,,,
17-PECN-3.2,9496622,2013,40.91778,-72.67722,,0.23,,9/17/2013,,,,,,,,
02-CHAD-2.2,15445117,2012,42.114295,-79.199149,,0.44,,7/18/2012,7/27/2011,9/12/2006,8/5/2002,,,,,
03-LSAM_N-12.1,21625683,2012,43.408809,-76.003583,,0,,7/12/2012,,,,,,,,
05-BENN-11.0,8110649,2012,42.13975,-77.64636,,0,,8/1/2012,,,,,,,,
05-BGCK-0.6,8110499,2012,42.353,-77.66016,,0,,8/1/2012,,,,,,,,
05-CHEM-15.7,8118457,2012,42.05833,-76.76056,,0,,8/28/2017,,,,,,,,
05-CHEM-28.3,8118419,2012,42.120085,-76.934201,,0,,8/2/2012,,,,,,,,
05-COHO-23.6,8118881,2012,42.36982,-77.36546,,0,,8/23/2018,8/1/2012,,,,,,,
05-DRYR-2.4,8118147,2012,42.053908,-76.899448,Historic site 0.22 miles from recent site,0.22,,7/31/2012,,,,,,,,
05-GOLT-2.9,8117977,2012,42.099652,-76.756599,Historic site 0.27 miles from recent site,0.27,,7/31/2012,,,,,,,,
05-MALL-0.1,8118097,2012,42.0547,-76.62339,,0,,8/28/2017,9/10/2013,7/31/2012,,,,,,
05-MDCR-0.9,8118975,2012,42.29023,-77.22003,,0,,8/29/2017,8/1/2012,,,,,,,
05-MINK-0.4,8110809,2012,42.003609,-77.599913,,0,,8/1/2012,,,,,,,,
05-POSC_T5-0.9,8121477,2012,42.226545,-76.972573,,0.38,,8/30/2022,,,,,,,,
05-STEO-0.6,8110701,2012,42.10653,-77.1458,,0,,7/31/2012,,,,,,,,
05-STEO-28.7,8110899,2012,42.25261,-77.51772,,0,,8/9/2017,8/1/2012,,,,,,,
05-STEO-9.7,8110681,2012,42.11616,-77.29913,,0,,8/9/2017,9/10/2013,8/1/2012,9/3/2008,,,,,
05-TRPS_T4-4.1,8110797,2012,42.05806,-77.507741,Historic site 0.17 miles from recent site,0.17,,8/1/2012,,,,,,,,
05-TUSC-0.5,8110925,2012,42.10327,-77.23372,,0,,8/9/2017,9/10/2013,7/31/2012,,,,,,
08-BLAC-7.6,15512868,2012,43.850565,-75.313486,,0,,7/11/2012,,,,,,,,
08-BLCK_T69-0.5,15513550,2012,43.670289,-75.376282,,0,,7/11/2012,,,,,,,,
08-BLCK-105.4,15517566,2012,43.410831,-75.096664,,0,,9/12/2017,8/20/2013,7/10/2012,,,,,,
08-BLCK-88.1,15517768,2012,43.49389,-75.27583,,0,,7/10/2012,9/30/2008,8/30/2008,,,,,,
08-CDON-4.1,15512824,2012,43.867568,-75.419668,,0,,7/11/2012,,,,,,,,
08-CMMG-4.2,15514114,2012,43.503913,-75.203802,,0,,7/12/2012,,,,,,,,
08-DEER_W-2.2,15514372,2012,43.750769,-75.755523,,0,,9/13/2017,7/11/2012,,,,,,,
08-DEER-27.6,15513342,2012,43.723389,-75.701389,,0,,9/13/2022,8/1/2004,,,,,,,
08-KLSY-2.0,15509074,2012,44.005521,-75.902547,,0,,7/11/2012,,,,,,,,
08-LIZA-1.2,15512790,2012,43.870526,-75.08198,Hisoric site 0.13 miles from recent site,0.13,,7/11/2012,,,,,,,,
08-MLER-1.9,15513824,2012,43.569359,-75.304085,,0,,7/10/2012,,,,,,,,
08-MLLL_T7-0.8,15513088,2012,43.789605,-75.54879,,0,,9/14/2022,8/1/2004,,,,,,,
08-MOOS_S-0.1,15511482,2012,43.642502,-74.95472,,0,,9/12/2017,7/10/2012,,,,,,,
08-MOOS-11.4,15515158,2012,43.605611,-75.185978,,0,,7/12/2012,,,,,,,,
08-OTTR-1.9,15513386,2012,43.724306,-75.353369,,0,,7/11/2012,,,,,,,,
11-CAMD-1.2,22288275,2012,43.117,-73.292,,0,,7/5/2012,,,,,,,,
11-PUTA-1.0,22304473,2012,43.556,-73.992,,0,,7/2/2012,,,,,,,,
11-STOE-1.6,22287947,2012,43.207,-73.793,EPA draw 0.16 miles from recent site,0.16,,7/2/2012,,,,,,,,
11-TROD-1.6,22290311,2012,42.931,-73.813,,0,,7/24/2012,,,,,,,,
11-UHUD-98.3,22304893,2012,43.66167,-73.89861,EPA draw 0.28 miles from recent site,0.28,,9/5/2012,7/3/2012,,,,,,,
13-BASC-4.7,6189556,2012,42.412777,-74.035835,,0,,7/20/2022,,,,,,,,
13-BEEC-1.4,6217664,2012,41.287502,-74.0225,,0,,9/12/2012,,,,,,,,
13-CATS-10.9,6188486,2012,42.278889,-73.959724,,0,,9/11/2012,,,,,,,,
13-CATS-32.8,900670001,2012,42.470001,-74.245003,,0,,9/11/2012,,,,,,,,
13-GIDN-4.9,6213094,2012,41.553012,-74.043207,,0,,7/17/2013,9/12/2012,,,,,,,
13-IDLE-0.8,6217730,2012,41.443981,-74.027293,,0,,9/12/2012,,,,,,,,
13-KIND-12.1,6188274,2012,42.405143,-73.648671,Historic site 0.22 miles from recent site,0.22,,9/11/2012,,,,,,,,
13-KIND-24.4,6188122,2012,42.494446,-73.546944,Historic site 0.34 miles from recent site,0.34,,9/13/2012,,,,,,,,
13-LONG-2.0,6203300,2012,41.253445,-74.308281,,0,,9/13/2012,,,,,,,,
13-LONG-5.9,6202996,2012,41.21269,-74.335577,,0,,9/13/2012,,,,,,,,
13-MNGO_S-1.1,6230336,2012,41.194994,-74.039176,,0,,9/12/2012,,,,,,,,
13-MURS-3.5,6188444,2012,42.318492,-73.814871,Historic site 0.18 miles from recent site,0.18,,9/11/2012,,,,,,,,
13-MUSC_T4-1.6,6227202,2012,41.374622,-73.758651,,0,,9/12/2012,,,,,,,,
13-MUSC-3.8,6227578,2012,41.286945,-73.753334,,0,,9/12/2012,,,,,,,,
13-NORM-1.4,6186102,2012,42.620456,-73.769229,Historic site 0.13 miles from recent site,0.13,,9/12/2012,,,,,,,,
13-NORM-16.9,6185846,2012,42.678333,-73.906113,Historic site 0.21 miles from recent site,0.21,,9/12/2012,,,,,,,,
13-NORM-7.5,6186102,2012,42.648429,-73.849179,,0,,9/12/2012,,,,,,,,
13-PEEK-8.2,6227256,2012,41.372792,-73.832949,Historic site 0.35 miles fromr recent site,0.35,,9/12/2012,,,,,,,,
13-POCA-3.1,6228372,2012,41.108407,-73.845391,,0,,9/12/2012,,,,,,,,
13-POCH-3.6,6203296,2012,41.275555,-74.471947,,0,,9/13/2012,,,,,,,,
13-ROND-51.2,6199784,2012,41.887779,-74.465836,,0,,9/13/2012,,,,,,,,
13-RUTG-1.5,6202366,2012,41.335792,-74.487986,,0,,9/13/2012,,,,,,,,
13-SKIL-4.7,6189672,2012,42.00888,-74.064708,,0,,9/13/2012,,,,,,,,
13-SPRO-16.4,6211910,2012,41.71605,-73.755239,,0,,9/11/2012,,,,,,,,
13-TAGH-9.4,6188732,2012,42.125539,-73.721999,,0,,7/17/2013,9/11/2012,,,,,,,
13-TINW-1.6,6200104,2012,41.561111,-74.183334,,0,,7/18/2013,9/13/2012,,,,,,,
13-TMIL-6.0,6189534,2012,42.47528,-74.13167,,0,,9/11/2012,,,,,,,,
13-WALK_T47-0.5,6201806,2012,41.4575,-74.326942,,0,,9/13/2012,,,,,,,,
02-ALGY-21.1,8969870,2011,42.154537,-78.703545,,0,,7/27/2011,,,,,,,,
02-BIGI-0.7,15444827,2011,42.268,-79.476,,0,,7/26/2011,,,,,,,,
02-BLHL-0.5,8969208,2011,42.112,-78.436,,0,,7/19/2012,7/28/2011,,,,,,,
02-BOYC-0.9,8969660,2011,42.337,-78.48,,0,,7/27/2011,,,,,,,,
02-CASS-2.3,15444961,2011,42.096531,-79.156738,,0,,9/16/2021,,,,,,,,
02-CHRY_T2-2.6,15444789,2011,42.297,-79.145,,0,,7/26/2011,,,,,,,,
02-FIVE-9.3,8968978,2011,42.193,-78.472,,0,,7/28/2011,,,,,,,,
02-FORA_W-0.5,8969780,2011,42.059,-78.501,,0,,7/27/2011,,,,,,,,
02-FREN-3.4,9049197,2011,42.037,-79.722,,0,,7/26/2011,,,,,,,,
02-ISCH-15.1,8968636,2011,42.336643,-78.463852,,0,,7/27/2011,,,,,,,,
02-LEON-1.8,8969458,2011,42.035,-78.625,,0,,7/27/2011,,,,,,,,
02-LVAL-5.7,8969698,2011,42.227,-78.763,,0,,7/27/2011,,,,,,,,
02-SLAB-5.4,15444709,2011,42.409,-79.037,,0,,7/26/2011,,,,,,,,
02-SOMM-3.2,8968736,2011,42.288,-78.606,,0,,7/27/2011,,,,,,,,
02-WANG-31.9,15444871,2011,42.206,-79.017,,0,,7/27/2011,,,,,,,,
02-WANG-43.4,15444761,2011,42.333,-79.045,,0,,7/26/2011,,,,,,,,
02-WAYO-2.3,8974650,2011,42.007465,-78.327591,,0,,7/28/2011,,,,,,,,
02-WILO-0.8,8968988,2011,42.192,-78.604,,0,,7/27/2011,,,,,,,,
07-BLAV_T4-4.6,22023542,2011,43.172,-75.646,,0,,,,,,,,,,
07-BNUT_T25-1.4,22027256,2011,42.924,-76.082,,0,,9/2/2011,,,,,,,,
07-BUXT_T3-1.5,22025552,2011,43.266,-76.232,,0,,9/21/2011,,,,,,,,
07-CANA-26.8,21981225,2011,42.94361115,-77.2216568,,0,,8/31/2011,,,,,,,,
07-CASC-0.8,21984069,2011,42.4458313,-76.50027466,,0,,9/1/2011,,,,,,,,
07-CHIT-32.0,22026472,2011,42.958,-75.832,,0,,9/2/2011,,,,,,,,
07-FISO-11.2,30821241,2011,43.36,-76.278,,0,,9/21/2011,,,,,,,,
07-FSHO_E-18.4,22022878,2011,43.461,-75.597,,0,,9/22/2011,,,,,,,,
07-FSHO_W-19.5,22022956,2011,43.436,-75.89,,0,,9/21/2011,,,,,,,,
07-GLNK_T19-0.1,21983441,2011,42.394,-76.971,,0,,9/20/2011,,,,,,,,
07-GNAR-13.7,21975947,2011,43.08733368,-77.15396118,,0,,8/31/2022,,,,,,,,
07-INDA_T3-0.5,21978133,2011,42.7,-76.865,,0,,9/1/2011,,,,,,,,
07-MENT-2.4,21981461,2011,42.816,-77.328,,0,,9/20/2011,,,,,,,,
07-POBK_T4-1.5,21979267,2011,42.972,-76.927,,0,,8/31/2011,,,,,,,,
07-PUTN_T36-9.7,21979307,2011,42.947,-76.487,,0,,9/21/2011,,,,,,,,
07-RATG-0.7,21977559,2011,42.859,-76.155,EPA draw 0.43 miles from recent site,0.43,,9/2/2011,,,,,,,,
07-SENP_T33-0.7,21982215,2011,42.749,-77.346,,0,,9/20/2011,,,,,,,,
07-SMIL_T3-0.9,21979101,2011,42.506,-76.816,,0,,9/1/2011,,,,,,,,
07-SMON-18.8,21978031,2011,42.733,-76.561,,0,,7/26/2016,9/1/2011,,,,,,,
07-TGHN-9.6,21982967,2011,42.483,-76.7,,0,,8/8/2012,9/1/2011,,,,,,,
07-TKEU-0.3,21981955,2011,42.596,-77.155,,0,,9/20/2011,,,,,,,,
07-WEST_T23-1.8,21981603,2011,42.747,-77.21,,0,,9/20/2011,,,,,,,,
01-CATT-46.9,15581595,2010,42.5113,-78.584965,Cattaraugus Creek,0,,9/16/2020,8/25/2010,,,,,,,
01-ELLI-28.4,15569069,2010,42.93486786,-78.55231476,Ellicott Creek,0,,8/25/2010,,,,,,,,
01-HAMP-1.2,15575523,2010,42.69138718,-78.83416748,Hampton Brook,0,,9/2/2010,,,,,,,,
01-HYCK-0.9,9840078,2010,42.489222,-79.311322,Hyde Creek,0,,9/1/2010,,,,,,,,
01-MURD_T4-1.2,15567753,2010,43.008063,-78.423572,Murder Creek,0,,8/31/2010,,,,,,,,
01-SABO_N-0.6,15574827,2010,42.868622,-78.685615,Slate Bottom Creek,0,,8/25/2010,,,,,,,,
01-SPEN-1.5,15576193,2010,42.577836,-78.621276,Spencer Brook,0,,8/25/2010,,,,,,,,
01-TEES_T4-1.4,15575997,2010,42.620972,-78.811098,Historical site 0.32 miles from recent site,0.32,,8/25/2010,,,,,,,,
01-TONA-34.4,15567303,2010,43.087013,-78.537031,Historical site 0.13 miles from recent site,0.13,,8/31/2010,,,,,,,,
03-JEDO-1.4,15559951,2010,43.27957,-78.455781,Jedo Creek,0,,7/21/2015,8/24/2010,,,,,,,
12-BVRC-1.3,3246950,2010,42.64361191,-74.13194275,,0,,7/29/2010,,,,,,,,
12-CAYA_T3-0.7,22744831,2010,42.968746,-74.407861,,0,,7/29/2010,,,,,,,,
12-FOX-6.1,3246154,2010,42.6614,-74.229246,Historic site 0.12 from recent site,0.12,,7/29/2010,,,,,,,,
12-FULM-3.8,22744741,2010,42.977087,-74.975659,,0,,7/29/2010,,,,,,,,
12-MCQU-2.7,22744719,2010,42.976968,-74.220136,,0,,7/27/2010,,,,,,,,
12-MOYR-5.1,22743417,2010,43.015994,-75.135729,,0,,7/29/2010,,,,,,,,
12-NCHU-3.2,22744897,2010,42.96166611,-74.17333221,,0,,10/6/2011,8/11/2011,7/27/2010,,,,,,
12-ORSK_T16-0.6,22743247,2010,43.069026,-75.372781,Historical site 0.20 miles from recent site,0.2,,7/29/2010,,,,,,,,
12-ORSK-20.6,22746439,2010,42.943864,-75.454496,Historic site 0.42 miles from recent site ,0.42,,7/28/2010,,,,,,,,
12-OTSQ-2.4,22745075,2010,42.92833328,-74.66055298,,0,,7/29/2010,,,,,,,,
12-STCH-2.7,22743297,2010,43.075382,-75.212303,,0,,7/29/2010,,,,,,,,
12-TAYL-1.3,22742619,2010,43.274183,-75.096176,,0,,7/28/2010,,,,,,,,
04-BLCB-1.8,15550881,2009,42.31724167,-78.13034058,,0,,9/7/2010,7/28/2009,,,,,,,
04-BLCE-5.2,15550011,2009,42.3684082,-77.92115784,,0,,7/24/2019,7/29/2009,,,,,,,
04-CASD-0.4,15541345,2009,42.82201004,78.0936203,,0,,7/29/2009,,,,,,,,
04-DICE-3.2,15540213,2009,42.759875,-77.584911,,0,,7/29/2009,,,,,,,,
04-DYKE-8.1,15550101,2009,42.14944458,-77.81890869,,0,,7/28/2009,,,,,,,,
04-GENS_T43-3.0,15539315,2009,42.88143921,-77.79347992,,0,,7/29/2009,,,,,,,,
04-GENS_T44-1.0,15539203,2009,42.90039063,-77.83831024,,0,,7/29/2009,,,,,,,,
04-GENS-50.4,15539513,2009,42.82994843,-77.82592773,,0,,7/29/2009,,,,,,,,
04-HONY-1.4,15538999,2009,42.9781456,-77.69799805,,0,,7/29/2009,,,,,,,,
04-KESH-13.6,15547719,2009,42.58718109,-77.92111969,,0,,7/29/2009,,,,,,,,
04-LMIL-0.4,15548223,2009,42.54509735,-77.67532349,,0,,7/29/2009,,,,,,,,
04-OATK-16.3,15537637,2009,42.00411987,-77.9809494,,0,,7/1/2014,7/29/2009,,,,,,,
04-PHIP-0.1,15550965,2009,42.226765,-78.031189,,0,,9/7/2010,7/28/2009,,,,,,,
04-SPRG-0.3,15539065,2009,42.960163,-77.618935,,0,,9/8/2010,7/29/2009,,,,,,,
04-SPRI-1.8,15538645,2009,43.09191895,-78.0741806,,0,,7/29/2009,,,,,,,,
04-STCK-0.6,15541481,2009,42.73292923,-78.1416626,,0,,7/29/2009,,,,,,,,
04-SUGA_T7-1.0,15547947,2009,42.52196884,-77.83081818,,0,,7/29/2009,,,,,,,,
04-VCAM_S-2.3,15551033,2009,42.176201,-78.144624,,0,,7/28/2009,,,,,,,,
04-WCOY-5.6,15549537,2009,42.50344086,-78.13059235,,0,,6/24/2014,7/29/2009,,,,,,,
09-BCKB-0.6,15478639,2009,44.43864059,-75.04945374,,0,,8/5/2009,,,,,,,,
09-BLAP-1.8,15484455,2009,44.13639069,-75.70722198,,0,,8/4/2009,,,,,,,,
09-BLAP-17.4,15487125,2009,44.05120468,-75.5554657,,0,,8/4/2009,,,,,,,,
09-COLN-0.9,15449186,2009,44.87493134,-74.22966766,,0,,8/4/2009,,,,,,,,
09-DERR-32.0,25371879,2009,44.72969055,-74.50167084,,0,,8/5/2009,,,,,,,,
09-DERR-9.9,15454934,2009,44.84106827,-74.69142151,,0,,8/4/2009,,,,,,,,
09-DEVE-0.4,15449508,2009,44.80333328,-74.44480133,,0,,8/5/2009,,,,,,,,
09-EDEE-13.4,15449328,2009,44.87034988,-74.36071014,,0,,9/21/2015,8/7/2014,7/22/2014,8/4/2009,,,,,
09-FIRS-0.2,15477027,2009,44.30532837,-74.99440002,,0,,8/6/2009,,,,,,,,
09-GRAN-6.8,15475965,2009,44.57611084,-75.05110931,,0,,8/4/2009,,,,,,,,
09-GRAS-44.4,15476289,2009,44.61111069,-75.1847229,,0,,8/4/2009,,,,,,,,
09-GTCH_M_T2-0.1,15492148,2009,44.09080887,-75.29246521,,0,,8/6/2009,,,,,,,,
09-GTCH_T27-1.4,15491080,2009,44.42533875,-75.39026642,,0,,8/6/2009,,,,,,,,
09-GTCH_W-11.9,15491770,2009,44.21058655,-75.30986786,,0,,8/6/2009,,,,,,,,
09-GTCH_W-41.9,15495400,2009,43.98989868,-75.25471497,,0,,8/6/2009,,,,,,,,
09-LSAL-20.7,15450218,2009,44.86566162,-74.49298096,,0,,8/5/2009,,,,,,,,
09-MARB-0.6,15452090,2009,44.95851135,-74.11991882,,0,,8/4/2009,,,,,,,,
09-PLST-0.8,15484595,2009,44.08776855,-75.7950592,,0,,9/18/2019,8/17/2010,8/4/2009,,,,,,
09-RAQU-21.9,15465151,2009,44.81899643,-74.98879242,,0,,9/11/2019,8/5/2009,,,,,,,
09-SAL9-28.3,15450280,2009,44.76777649,-74.23222351,,0,,7/22/2014,8/4/2009,,,,,,,
14-BEAV-10.0,1750585,2009,41.94638824,-74.97972107,,0,,9/2/2009,,,,,,,,
14-BLAB-1.7,4147788,2009,41.55052948,-74.76078796,,0,,9/2/2009,,,,,,,,
14-BUSH-0.6,1748567,2009,42.1511116,-74.60111237,,0,,9/23/2020,9/26/2019,10/25/2018,9/26/2017,9/9/2016,9/1/2009,,,
14-CALL_E-9.5,2615114,2009,41.76472092,-74.94139099,,0,,9/30/2014,9/1/2009,,,,,,,
14-EDEL-24.7,1749399,2009,42.03936005,-75.06767273,,0,,8/5/2014,8/31/2009,,,,,,,
14-GAUP-1.6,1750597,2009,41.93066025,-74.71440125,,0,,9/1/2009,,,,,,,,
14-HUMP-1.4,2616710,2009,41.88298035,-75.22763062,,0,,9/2/2009,,,,,,,,
14-KIAM-1.2,4147570,2009,41.67882156,-74.63820648,,0,,9/1/2009,,,,,,,,
14-NEVR-26.2,4147474,2009,41.63444519,-74.61916351,,0,,8/20/2019,,,,,,,,
14-OQUA_T23-1.2,2613410,2009,42.19157028,-75.41049957,,0,,9/2/2009,,,,,,,,
14-PIMT-0.1,1749197,2009,42.06483078,-75.10475922,,0,,8/31/2009,,,,,,,,
14-PLAT-5.4,1748543,2009,42.19498062,-74.67671204,,0,,9/1/2009,,,,,,,,
14-TENR-6.0,2615166,2009,41.6305542,-74.99861145,,0,,9/2/2009,,,,,,,,
14-TRMP-3.1,1748589,2009,42.12555695,-74.81194305,,0,,9/1/2009,,,,,,,,
14-WDEL_T33-0.4,2613636,2009,42.15042877,-75.18153381,,0,,9/1/2009,,,,,,,,
14-WDEL-49.5,2612856,2009,42.19577026,-74.98856354,,0,,8/31/2009,,,,,,,,
14-WDEL-51.0,2612944,2009,42.20916748,-74.97416687,,0,,8/22/2019,8/7/2014,8/31/2009,,,,,,
14-WDEL-68.4,2612808,2009,42.33959961,-74.76609802,,0,,8/31/2009,,,,,,,,
14-WILL-0.5,1750437,2009,41.93027878,-74.91527557,,0,,9/1/2009,,,,,,,,
06-APUS_T2-0.6,9421801,2008,42.832225,-76.028229,,0,,8/5/2008,,,,,,,,
06-BIBS_T1-0.6,9424453,2008,42.411912,-76.048543,,0,,8/5/2008,,,,,,,,
06-BTNT-16.0,8085553,2008,42.5456,-75.2383,,0,,8/6/2008,7/7/2003,,,,,,,
06-BTNT-2.8,8086469,2008,42.4372,-75.3456,,0,,8/6/2008,7/7/2003,,,,,,,
06-CAYU-17.3,8101449,2008,42.217816,-76.598245,,0,,8/7/2008,,,,,,,,
06-CHAR-9.5,8085973,2008,42.46797564,-74.88647698,,0,,7/14/2009,8/7/2008,,,,,,,
06-DDLY_T6-1.0,9424523,2008,42.3737064,-76.12209012,,0,,8/8/2018,8/5/2008,,,,,,,
06-DILA-52.9,8085001,2008,42.86596014,-75.2153724,,0,,7/15/2009,7/15/2009,8/5/2008,,,,,,
06-FLIC_T7-3.8,8083585,2008,42.800806,-74.981216,,0,,8/6/2008,,,,,,,,
06-FLYS-0.3,9420473,2008,42.609699,-75.526901,,0,,8/5/2008,,,,,,,,
06-LCHO-2.0,8099951,2008,42.11677981,-75.9564112,,0.34,,7/29/2014,7/23/2013,8/6/2008,,,,,,
06-MASV_E-1.4,8087161,2008,42.241513,-75.347459,,0,,8/7/2008,,,,,,,,
06-MERR-6.6,9422701,2008,42.480631,-75.980037,,0,,8/5/2008,,,,,,,,
06-NANG-66.3,9420207,2008,42.70000845,-75.52653631,,0,,7/25/2013,8/5/2008,,,,,,,
06-NANT_E-6.3,8101085,2008,42.285451,-76.005125,,0,,8/5/2008,,,,,,,,
06-NING-5.1,9422361,2008,42.663539,-76.014322,,0,,8/5/2008,,,,,,,,
06-NVUS-0.9,8085959,2008,42.4856,-74.9694,,0,,9/8/2018,7/30/2014,9/27/2013,7/14/2009,8/7/2008,8/24/2004,7/21/2003,,
06-OAKS_T2-0.8,8083681,2008,42.700683,-74.961331,,0,,8/7/2008,,,,,,,,
06-OTGO_T30-2.7,8085385,2008,42.627799,-75.025343,,0,,8/6/2008,,,,,,,,
06-OTTC-4.6,9422145,2008,42.562789,-76.208218,Historical site is 0.46 miles from recent site,0.46,,8/5/2008,,,,,,,,
06-OWGO_W-2.5,8101653,2008,42.19622,-76.241715,,0,,8/5/2008,,,,,,,,
06-OWGO_W-7.8,8101217,2008,42.26257,-76.244297,,0,,8/7/2008,,,,,,,,
06-PANE-8.6,9419701,2008,42.87680088,-75.50475022,,0,,8/29/2013,,,,,,,,
06-PAYN_T3-1.0,9419803,2008,42.82998,-75.556773,,0,,8/5/2008,,,,,,,,
06-PIPE-9.6,8101911,2008,42.157237,-76.378708,,0,,8/6/2008,,,,,,,,
06-PLSN-5.8,9419957,2008,42.776007,-75.431908,,0,,8/5/2008,,,,,,,,
06-PROP-0.1,8101187,2008,42.2625,-76.3761,,0,,8/8/2018,7/16/2009,8/7/2008,9/11/2003,,,,,
06-SLEB-0.9,9420109,2008,42.732851,-75.584284,,0,,8/5/2008,,,,,,,,
06-SUGC-0.3,8102505,2008,42.033574,-76.013109,,0,,8/6/2008,,,,,,,,
06-SUSQ-3.8,8103067,2008,42.04,-76.4464,,0,,8/6/2008,,,,,,,,
06-SUSQ-46.3,8088159,2008,42.018548,-75.786095,Sampled SUSQ-2A instead- Historic site 0.29 miles from recent site,0.29,,8/7/2008,,,,,,,,
06-TROS-0.5,9422075,2008,42.598194,-76.080215,,0,,8/5/2008,,,,,,,,
06-USSQ-69.1,8087979,2008,42.141209,-75.587889,Historic site 0.10 miles away from recent site,0.1,,8/7/2008,,,,,,,,
10-BIGC_T6-4.3,10313568,2008,43.381927,-73.36739,,0,,7/1/2008,,,,,,,,
10-BOQT-23.2,9528335,2008,44.2467637,-73.51467174,,0.32,,7/17/2018,,,,,,,,
10-CBRK_E-0.6,9521227,2008,44.632978,-73.915437,,0,,7/22/2008,,,,,,,,
10-COLW-0.7,9528293,2008,44.326749,-73.480075,,0,,7/23/2008,,,,,,,,
10-DLET-2.4,9521197,2008,44.720376,-73.869896,,0,,7/22/2008,,,,,,,,
10-GCHZ_N-0.5,9521323,2008,44.9572,-73.6428,,0,,8/18/2009,7/2/2008,,,,,,,
10-GCHZ-29.4,9521123,2008,44.8889,-73.6453,,0,,7/30/2014,8/15/2013,8/18/2009,7/2/2008,,,,,
10-GILB-0.4,9528211,2008,44.139464,-73.795979,,0,,7/23/2008,,,,,,,,
10-INBR-1.5,10312448,2008,43.60279446,-73.65804404,,0,,7/1/2008,,,,,,,,
10-MILC-6.3,10311318,2008,44.052808,-73.543619,Historical site is 0.26 miles away from recent site ,0.26,,7/24/2008,,,,,,,,
10-REAB-3.8,9521361,2008,44.774632,-73.492739,,0,,7/22/2008,,,,,,,,
10-RILY-1.6,10312314,2008,43.824812,-73.49352,,0,,7/24/2008,,,,,,,,
10-RORE-4.7,9528359,2008,44.173113,-73.692679,Only macro data 2008,0,,7/23/2008,,,,,,,,
10-SABL_E-1.9,9528429,2008,44.417963,-73.679045,,0,,7/18/2018,7/23/2008,,,,,,,
10-SABL_E-20.9,9528147,2008,44.219024,-73.785659,Historic site 0.16 miles from recent site,0.16,,7/23/2008,,,,,,,,
10-SABL-13.1,9528395,2008,44.481942,-73.555666,,0,,7/23/2008,,,,,,,,
10-SABL-19.3,9528411,2008,44.448753,-73.653475,,0,,8/28/2008,7/23/2008,,,,,,,
10-SARA-34.1,9521273,2008,44.545147,-73.870636,,0,,7/22/2008,,,,,,,,
10-SARA-48.1,9524331,2008,44.394762,-74.057716,,0,,8/28/2008,7/23/2008,,,,,,,
10-SARS-0.1,9524333,2008,44.381783,-74.236928,,0,,7/23/2008,,,,,,,,
10-SMPL-0.3,9521109,2008,44.913168,-73.663888,Historic site 0.13 miles away from recent site,0.13,,7/22/2008,,,,,,,,
10-STYL-3.6,9528311,2008,44.301406,-73.727121,,0,,7/23/2008,,,,,,,,
10-WESB-1.4,9521251,2008,44.593178,-73.986773,,0,,7/18/2018,8/15/2013,7/22/2008,,,,,,
10-WHIF-1.6,9528025,2008,44.352288,-73.923142,,0,,8/27/2008,,,,,,,,
17-BLND-5.7,6240245,2008,41.00356469,-73.68734673,,0,,9/14/1999,,,,,,,,
17-BLND-6.8,6240359,2008,41.0222,-73.695,,0,,9/10/2008,,,,,,,,
17-MAMR-0.3,6241841,2008,40.9522,-73.7344,,0,,9/11/2018,9/18/2013,9/15/2009,9/11/2008,9/16/2003,,,,
17-MAMR-3.9,6241327,2008,40.98447411,-73.73988011,Historic site 0.21 miles from current site,0.21,,9/10/2008,,,,,,,,
17-MAMR-6.7,6240357,2008,41.0178,-73.7275,,0,,9/11/2018,9/10/2008,,,,,,,
17-MANH-1.6,6240223,2008,41.04652642,-73.80462497,,0,,9/10/2008,,,,,,,,
17-MILI-0.5,7733289,2008,41.18382347,-73.56191954,,0,,9/10/2008,,,,,,,,
17-PENA-1.1,9499660,2008,40.72733293,-73.24423939,,0,,9/11/2008,,,,,,,,
05-DRUN-0.2,8119017,2007,42.21806,-77.1367,,0,,8/1/2007,,,,,,,,
12-CANW-27.6,22751809,2006,43.271,-75.15899,"The epa site is .15 miles from the sampling site, however the most recent sampling date was in 2006",0.15,,8/9/2006,,,,,,,,
12-SPRT-0.2,22741107,2006,43.11306,-74.75472,,0,,7/31/2006,,,,,,,,
12-CAYA-15.4,22740625,2020,43.06778,-74.35806,missing from MG final file,,,,,,,,,,,
12-SCHO_T93_b-1.8,3246728,2020,42.53298,-74.387244,missing from MG final file,,,,,,,,,,,
12-CANW_T69-1.1,22741005,2020,43.382669,-74.900615,missing from MG final file,,,,,,,,,,,
12-FOX-1.1,3246096,2020,42.67889,-74.30473,missing from MG final file,,,,,,,,,,,
12-BATV-14.8,3247582,2020,42.295294,-74.349868,missing from MG final file,,,,,,,,,,,
12-DRCK-3.4,22743625,2020,43.239825,-75.342237,missing from MG final file,,,,,,,,,,,
12-OTSO_T3-1.2,22745199,2020,42.919293,-74.692776,missing from MG final file,,,,,,,,,,,
12-MOHK_T59_1-3.0,22745049,2020,42.934113,-74.093519,missing from MG final file,,,,,,,,,,,
12-SPRK-5.3,22740369,2020,43.130203,-74.649373,missing from MG final file,,,,,,,,,,,
12-NMIL-13.9,22742779,2020,43.2159,-75.1794,missing from MG final file,,,,,,,,,,,
12-CANW-0.9,22752131,2020,43.04,-74.99,missing from MG final file,,,,,,,,,,,
12-SCHO_T23-1.0,3246862,2020,42.878114,-74.261566,missing from MG final file,,,,,,,,,,,
12-SPCK_T15_6-0.2,22739963,2020,43.22719,-74.786903,missing from MG final file,,,,,,,,,,,
12-WESC-14.6,3245934,2020,42.733247,-74.617944,missing from MG final file,,,,,,,,,,,
